,Predicted Value
2022-01-01,0.30348065
2022-01-02,0.3057961
2022-01-03,0.31401265
2022-01-04,0.33459687
2022-01-05,0.35397157
2022-01-06,0.37624684
2022-01-07,0.40603286
2022-01-08,0.4327962
2022-01-09,0.44853207
2022-01-10,0.45623356
2022-01-11,0.46225193
2022-01-12,0.45463902
2022-01-13,0.43858188
2022-01-14,0.4217717
2022-01-15,0.4071181
2022-01-16,0.39686677
2022-01-17,0.39319608
2022-01-18,0.38755602
2022-01-19,0.37909862
2022-01-20,0.37317944
2022-01-21,0.36837584
2022-01-22,0.36312333
2022-01-23,0.36277357
2022-01-24,0.36492968
2022-01-25,0.3688886
2022-01-26,0.37314302
2022-01-27,0.37547195
2022-01-28,0.3766887
2022-01-29,0.3805055
2022-01-30,0.3821532
2022-01-31,0.38078672
2022-02-01,0.37243253
2022-02-02,0.36305493
2022-02-03,0.35528094
2022-02-04,0.34444514
2022-02-05,0.33501822
2022-02-06,0.32275173
2022-02-07,0.31904048
2022-02-08,0.3158175
2022-02-09,0.3159533
2022-02-10,0.32410395
2022-02-11,0.33187428
2022-02-12,0.34020874
2022-02-13,0.35101396
2022-02-14,0.36339197
2022-02-15,0.37076718
2022-02-16,0.3697341
2022-02-17,0.3655636
2022-02-18,0.35907128
2022-02-19,0.34852722
2022-02-20,0.33852997
2022-02-21,0.3327643
2022-02-22,0.33010322
2022-02-23,0.3338642
2022-02-24,0.33763826
2022-02-25,0.3441382
2022-02-26,0.3499362
2022-02-27,0.3517647
2022-02-28,0.34913462
2022-03-01,0.34385845
2022-03-02,0.33998287
2022-03-03,0.33196118
2022-03-04,0.32516164
2022-03-05,0.3194292
2022-03-06,0.3166401
2022-03-07,0.31589964
2022-03-08,0.31685394
2022-03-09,0.32052085
2022-03-10,0.32683933
2022-03-11,0.32697
2022-03-12,0.32145518
2022-03-13,0.31673267
2022-03-14,0.3134081
2022-03-15,0.31281897
2022-03-16,0.3180746
2022-03-17,0.31856602
2022-03-18,0.31805608
2022-03-19,0.31843773
2022-03-20,0.31901827
2022-03-21,0.32306457
2022-03-22,0.3261672
2022-03-23,0.32954952
2022-03-24,0.33729282
2022-03-25,0.34796992
2022-03-26,0.3580102
2022-03-27,0.3568511
2022-03-28,0.3590952
2022-03-29,0.36256716
2022-03-30,0.36623394
2022-03-31,0.36205268
2022-04-01,0.35221258
2022-04-02,0.34173557
2022-04-03,0.3375807
2022-04-04,0.33214608
2022-04-05,0.33023903
2022-04-06,0.32907045
2022-04-07,0.33164242
2022-04-08,0.33211836
2022-04-09,0.346799
2022-04-10,0.3657289
2022-04-11,0.38129222
2022-04-12,0.3956047
2022-04-13,0.41125682
2022-04-14,0.4277491
2022-04-15,0.44136935
2022-04-16,0.4540151
2022-04-17,0.46171394
2022-04-18,0.46146613
2022-04-19,0.4577974
2022-04-20,0.4541402
2022-04-21,0.4466737
2022-04-22,0.44070974
2022-04-23,0.43833584
2022-04-24,0.43989316
2022-04-25,0.44621626
2022-04-26,0.45700952
2022-04-27,0.4678708
2022-04-28,0.47908658
2022-04-29,0.49266285
2022-04-30,0.5037989
2022-05-01,0.515912
2022-05-02,0.52864695
2022-05-03,0.537697
2022-05-04,0.54599875
2022-05-05,0.551489
2022-05-06,0.5581911
2022-05-07,0.5643319
2022-05-08,0.5711951
2022-05-09,0.574774
2022-05-10,0.58179426
2022-05-11,0.5918822
2022-05-12,0.59249794
2022-05-13,0.58535546
2022-05-14,0.5783474
2022-05-15,0.5726355
2022-05-16,0.5654151
2022-05-17,0.5503621
2022-05-18,0.53503656
2022-05-19,0.51978314
2022-05-20,0.50734985
2022-05-21,0.4946417
2022-05-22,0.48087087
2022-05-23,0.4638456
2022-05-24,0.4532179
2022-05-25,0.4557694
2022-05-26,0.46559522
2022-05-27,0.48375812
2022-05-28,0.5023494
2022-05-29,0.51411265
2022-05-30,0.5281655
2022-05-31,0.54269594
2022-06-01,0.5511357
2022-06-02,0.5523719
2022-06-03,0.5471235
2022-06-04,0.5302658
2022-06-05,0.50781965
2022-06-06,0.48907474
2022-06-07,0.4867926
2022-06-08,0.474865
2022-06-09,0.45339045
2022-06-10,0.42478898
2022-06-11,0.39728346
2022-06-12,0.3699523
2022-06-13,0.34519798
2022-06-14,0.33058545
2022-06-15,0.3220669
2022-06-16,0.32568008
2022-06-17,0.33662927
2022-06-18,0.3502475
2022-06-19,0.3566515
2022-06-20,0.36781082
2022-06-21,0.3859215
2022-06-22,0.40123275
2022-06-23,0.41746238
2022-06-24,0.42830142
2022-06-25,0.43387538
2022-06-26,0.43745252
2022-06-27,0.4369183
2022-06-28,0.43546647
2022-06-29,0.43537498
2022-06-30,0.43683636
2022-07-01,0.4420993
2022-07-02,0.44529817
2022-07-03,0.44911516
2022-07-04,0.45568237
2022-07-05,0.45880643
2022-07-06,0.45902342
2022-07-07,0.4629229
2022-07-08,0.46707317
2022-07-09,0.46129483
2022-07-10,0.45315346
2022-07-11,0.4427167
2022-07-12,0.4375914
2022-07-13,0.4387041
2022-07-14,0.43895158
2022-07-15,0.43541262
2022-07-16,0.43077987
2022-07-17,0.4280912
2022-07-18,0.42448127
2022-07-19,0.41727036
2022-07-20,0.4147393
2022-07-21,0.41315746
2022-07-22,0.41342354
2022-07-23,0.41568083
2022-07-24,0.41877335
2022-07-25,0.41876903
2022-07-26,0.414711
2022-07-27,0.41035256
2022-07-28,0.4013377
2022-07-29,0.3874024
2022-07-30,0.37470448
2022-07-31,0.36374882
2022-08-01,0.36021587
2022-08-02,0.35496888
2022-08-03,0.35199392
2022-08-04,0.3536522
2022-08-05,0.36463067
2022-08-06,0.3730569
2022-08-07,0.37946078
2022-08-08,0.38380364
2022-08-09,0.38198176
2022-08-10,0.37744558
2022-08-11,0.37004408
2022-08-12,0.36039123
2022-08-13,0.35151133
2022-08-14,0.34257662
2022-08-15,0.3451649
2022-08-16,0.35053834
2022-08-17,0.3604899
2022-08-18,0.37391976
2022-08-19,0.38831404
2022-08-20,0.40490165
2022-08-21,0.41578335
2022-08-22,0.4161794
2022-08-23,0.40573564
2022-08-24,0.3951598
2022-08-25,0.38508594
2022-08-26,0.37104964
2022-08-27,0.35364512
2022-08-28,0.3358915
2022-08-29,0.32445294
2022-08-30,0.31582233
2022-08-31,0.3078503
2022-09-01,0.30140397
2022-09-02,0.30273956
2022-09-03,0.30496588
2022-09-04,0.30943736
2022-09-05,0.3137126
2022-09-06,0.31574386
2022-09-07,0.32738176
2022-09-08,0.3453841
2022-09-09,0.35706773
2022-09-10,0.36911708
2022-09-11,0.37975082
2022-09-12,0.37922212
2022-09-13,0.37291002
2022-09-14,0.36335254
2022-09-15,0.35394385
2022-09-16,0.34634495
2022-09-17,0.33819777
2022-09-18,0.32932854
2022-09-19,0.32257506
2022-09-20,0.32002166
2022-09-21,0.31636482
2022-09-22,0.31237343
2022-09-23,0.31637958
2022-09-24,0.31880948
2022-09-25,0.3210032
2022-09-26,0.32243243
2022-09-27,0.3244545
2022-09-28,0.32660672
2022-09-29,0.3281401
2022-09-30,0.330862
2022-10-01,0.33452752
2022-10-02,0.33271047
2022-10-03,0.3246553
2022-10-04,0.31686163
2022-10-05,0.3140742
2022-10-06,0.31598935
2022-10-07,0.32165498
2022-10-08,0.33045334
2022-10-09,0.3313291
2022-10-10,0.32020226
2022-10-11,0.30505908
2022-10-12,0.293066
2022-10-13,0.2809789
2022-10-14,0.2719069
2022-10-15,0.26850465
2022-10-16,0.2671591
2022-10-17,0.26964378
2022-10-18,0.27236006
2022-10-19,0.26492864
2022-10-20,0.25151414
2022-10-21,0.23779914
2022-10-22,0.22320142
2022-10-23,0.21093068
2022-10-24,0.20071693
2022-10-25,0.19260505
2022-10-26,0.18397255
2022-10-27,0.17014726
2022-10-28,0.14858247
2022-10-29,0.12603986
2022-10-30,0.10733189
2022-10-31,0.09204619
2022-11-01,0.087846994
2022-11-02,0.07905024
2022-11-03,0.07185486
2022-11-04,0.06382415
2022-11-05,0.05926923
2022-11-06,0.057019725
2022-11-07,0.055604946
2022-11-08,0.058091205
2022-11-09,0.05953752
2022-11-10,0.04931488
2022-11-11,0.032215428
2022-11-12,0.01603432
2022-11-13,0.014444304
2022-11-14,0.022231214
2022-11-15,0.03689792
2022-11-16,0.052382387
2022-11-17,0.061444677
2022-11-18,0.074941
2022-11-19,0.08776911
2022-11-20,0.09268167
2022-11-21,0.092721805
2022-11-22,0.088517115
2022-11-23,0.08461751
2022-11-24,0.08421329
2022-11-25,0.087745585
2022-11-26,0.09106358
2022-11-27,0.09401964
2022-11-28,0.094723806
2022-11-29,0.09665414
2022-11-30,0.1029282
2022-12-01,0.1123842
2022-12-02,0.12319633
2022-12-03,0.13158217
2022-12-04,0.13083369
2022-12-05,0.122446775
2022-12-06,0.110791914
2022-12-07,0.09922067
2022-12-08,0.0895174
2022-12-09,0.08776028
2022-12-10,0.0919339
2022-12-11,0.09496247
2022-12-12,0.09506281
2022-12-13,0.08799213
2022-12-14,0.0815242
2022-12-15,0.075484745
2022-12-16,0.07652158
2022-12-17,0.07002415
2022-12-18,0.058682963
2022-12-19,0.047966275
2022-12-20,0.038339697
2022-12-21,0.033474684
2022-12-22,0.030554341
2022-12-23,0.030328816
2022-12-24,0.03750306
2022-12-25,0.04116376
2022-12-26,0.038903505
2022-12-27,0.036794234
2022-12-28,0.034804415
2022-12-29,0.031207858
2022-12-30,0.028623888
2022-12-31,0.027611539
2023-01-01,0.027139707
2023-01-02,0.025152873
2023-01-03,0.019092035
2023-01-04,0.01238795
2023-01-05,0.005576121
2023-01-06,-0.0027560834
2023-01-07,-0.008816444
2023-01-08,-0.01759002
2023-01-09,-0.0242732
2023-01-10,-0.028031256
2023-01-11,-0.023050856
2023-01-12,-0.013091008
2023-01-13,-0.0022973905
2023-01-14,0.008372715
2023-01-15,0.021513311
2023-01-16,0.029941674
2023-01-17,0.03551157
2023-01-18,0.03774662
2023-01-19,0.034307975
2023-01-20,0.025697451
2023-01-21,0.015637144
2023-01-22,0.012951282
2023-01-23,0.0116719585
2023-01-24,0.011789499
2023-01-25,0.013172028
2023-01-26,0.014633873
2023-01-27,0.013294585
2023-01-28,0.0064258976
2023-01-29,-0.0023090965
2023-01-30,-0.00928314
2023-01-31,-0.018028287
2023-02-01,-0.032109205
2023-02-02,-0.04354308
2023-02-03,-0.0516291
2023-02-04,-0.056135755
2023-02-05,-0.059460323
2023-02-06,-0.06284963
2023-02-07,-0.06269292
2023-02-08,-0.063061066
2023-02-09,-0.065455705
2023-02-10,-0.06676537
2023-02-11,-0.07349704
2023-02-12,-0.08348759
2023-02-13,-0.100236215
2023-02-14,-0.11785528
2023-02-15,-0.131744
2023-02-16,-0.14204118
2023-02-17,-0.15010187
2023-02-18,-0.15138167
2023-02-19,-0.14871146
2023-02-20,-0.14840232
2023-02-21,-0.14877404
2023-02-22,-0.1472403
2023-02-23,-0.13783458
2023-02-24,-0.12935676
2023-02-25,-0.1242194
2023-02-26,-0.12829627
2023-02-27,-0.13487828
2023-02-28,-0.1377862
2023-03-01,-0.14237599
2023-03-02,-0.1492528
2023-03-03,-0.15515274
2023-03-04,-0.15863523
2023-03-05,-0.1634944
2023-03-06,-0.1681739
2023-03-07,-0.17299685
2023-03-08,-0.17543271
2023-03-09,-0.17906307
2023-03-10,-0.18206823
2023-03-11,-0.17987964
2023-03-12,-0.17395318
2023-03-13,-0.16882037
2023-03-14,-0.1652084
2023-03-15,-0.16115302
2023-03-16,-0.15952155
2023-03-17,-0.15680882
2023-03-18,-0.15286405
2023-03-19,-0.15013495
2023-03-20,-0.1484348
2023-03-21,-0.14148657
2023-03-22,-0.13265434
2023-03-23,-0.12408155
2023-03-24,-0.11485657
2023-03-25,-0.10878725
2023-03-26,-0.105007574
2023-03-27,-0.10386562
2023-03-28,-0.10361453
2023-03-29,-0.10363353
2023-03-30,-0.10293928
2023-03-31,-0.098790854
2023-04-01,-0.08965092
2023-04-02,-0.08073293
2023-04-03,-0.07443689
2023-04-04,-0.070270546
2023-04-05,-0.066369146
2023-04-06,-0.06369296
2023-04-07,-0.05931125
2023-04-08,-0.052693646
2023-04-09,-0.046531156
2023-04-10,-0.041861806
2023-04-11,-0.03935739
2023-04-12,-0.03840656
2023-04-13,-0.038827147
2023-04-14,-0.042654008
2023-04-15,-0.04865727
2023-04-16,-0.05637848
2023-04-17,-0.05783746
2023-04-18,-0.055601094
2023-04-19,-0.049431913
2023-04-20,-0.038324613
2023-04-21,-0.027222093
2023-04-22,-0.020269074
2023-04-23,-0.018718835
2023-04-24,-0.019539824
2023-04-25,-0.017787354
2023-04-26,-0.012037209
2023-04-27,-0.006702037
2023-04-28,-0.003570741
2023-04-29,-0.00349477
2023-04-30,-0.018427612
2023-05-01,-0.035286013
2023-05-02,-0.0539369
2023-05-03,-0.07057479
2023-05-04,-0.08244299
2023-05-05,-0.0927502
2023-05-06,-0.10038601
2023-05-07,-0.1045066
2023-05-08,-0.10342126
2023-05-09,-0.09052745
2023-05-10,-0.071739435
2023-05-11,-0.057096504
2023-05-12,-0.0537926
2023-05-13,-0.05539444
2023-05-14,-0.06004038
2023-05-15,-0.06337773
2023-05-16,-0.060001917
2023-05-17,-0.058250282
2023-05-18,-0.053462435
2023-05-19,-0.044509683
2023-05-20,-0.036412198
2023-05-21,-0.026144404
2023-05-22,-0.019667398
2023-05-23,-0.018748937
2023-05-24,-0.023907559
2023-05-25,-0.03334756
2023-05-26,-0.043300956
2023-05-27,-0.048133478
2023-05-28,-0.048697524
2023-05-29,-0.049364064
2023-05-30,-0.04680183
2023-05-31,-0.04531813
2023-06-01,-0.047384515
2023-06-02,-0.05028288
2023-06-03,-0.05086007
2023-06-04,-0.045432683
2023-06-05,-0.042264596
2023-06-06,-0.0405175
2023-06-07,-0.03955281
2023-06-08,-0.04012773
2023-06-09,-0.041228235
2023-06-10,-0.045610305
2023-06-11,-0.05128054
2023-06-12,-0.05760166
2023-06-13,-0.06149219
2023-06-14,-0.06214989
2023-06-15,-0.058802627
2023-06-16,-0.057324536
2023-06-17,-0.055168677
2023-06-18,-0.053258654
2023-06-19,-0.053144936
2023-06-20,-0.053464826
2023-06-21,-0.05536243
2023-06-22,-0.062425584
2023-06-23,-0.06400162
2023-06-24,-0.06189307
2023-06-25,-0.06229132
2023-06-26,-0.065122075
2023-06-27,-0.067412436
2023-06-28,-0.0715949
2023-06-29,-0.078457855
2023-06-30,-0.086610764
2023-07-01,-0.094369
2023-07-02,-0.09273061
2023-07-03,-0.08450519
2023-07-04,-0.070140705
2023-07-05,-0.051765032
2023-07-06,-0.035960197
2023-07-07,-0.017749846
2023-07-08,-0.0027792568
2023-07-09,0.011085692
2023-07-10,0.018743476
2023-07-11,0.020861108
2023-07-12,0.01814598
2023-07-13,0.015177854
2023-07-14,0.0113506345
2023-07-15,0.010361339
2023-07-16,0.0109151155
2023-07-17,0.011229272
2023-07-18,0.012345186
2023-07-19,0.0153539255
2023-07-20,0.018992651
2023-07-21,0.018007178
2023-07-22,0.014790354
2023-07-23,0.010441611
2023-07-24,0.008595611
2023-07-25,0.007355945
2023-07-26,0.0092922505
2023-07-27,0.013501236
2023-07-28,0.021728802
2023-07-29,0.030840307
2023-07-30,0.042217202
2023-07-31,0.058204204
2023-08-01,0.06768696
2023-08-02,0.069164336
2023-08-03,0.06795621
2023-08-04,0.070046365
2023-08-05,0.08070787
2023-08-06,0.09627524
2023-08-07,0.11292436
2023-08-08,0.12870423
2023-08-09,0.14133418
2023-08-10,0.15472658
2023-08-11,0.17141034
2023-08-12,0.19168527
2023-08-13,0.20959981
2023-08-14,0.22078063
2023-08-15,0.22555885
2023-08-16,0.22821413
2023-08-17,0.22667524
2023-08-18,0.22675772
2023-08-19,0.22909139
2023-08-20,0.23180485
2023-08-21,0.2364914
2023-08-22,0.2320404
2023-08-23,0.23064336
2023-08-24,0.23020229
2023-08-25,0.24502619
2023-08-26,0.26266533
2023-08-27,0.273299
2023-08-28,0.28064507
2023-08-29,0.2890582
2023-08-30,0.2920991
2023-08-31,0.29036346
2023-09-01,0.2910098
2023-09-02,0.29225525
2023-09-03,0.29453325
2023-09-04,0.29389217
2023-09-05,0.29121348
2023-09-06,0.28605366
2023-09-07,0.2749312
2023-09-08,0.2565957
2023-09-09,0.24137312
2023-09-10,0.2284896
2023-09-11,0.21560492
2023-09-12,0.21162887
2023-09-13,0.21097422
2023-09-14,0.21060236
2023-09-15,0.20522335
2023-09-16,0.1999138
2023-09-17,0.18446994
2023-09-18,0.16861254
2023-09-19,0.15839756
2023-09-20,0.15057804
2023-09-21,0.1471942
2023-09-22,0.15052775
2023-09-23,0.15652837
2023-09-24,0.16193642
2023-09-25,0.16527794
2023-09-26,0.16636495
2023-09-27,0.16264333
2023-09-28,0.15359083
2023-09-29,0.14214262
2023-09-30,0.13177472
2023-10-01,0.12238466
2023-10-02,0.11497892
2023-10-03,0.11226415
2023-10-04,0.11463693
2023-10-05,0.1226723
2023-10-06,0.12728097
2023-10-07,0.12950228
2023-10-08,0.13116302
2023-10-09,0.13169637
2023-10-10,0.13012797
2023-10-11,0.13126013
2023-10-12,0.13206057
2023-10-13,0.13637264
2023-10-14,0.14026557
2023-10-15,0.14305714
2023-10-16,0.14370456
2023-10-17,0.14005102
2023-10-18,0.13474762
2023-10-19,0.13151409
2023-10-20,0.13391003
2023-10-21,0.1392955
2023-10-22,0.14577322
2023-10-23,0.15560287
2023-10-24,0.16757546
2023-10-25,0.17986223
2023-10-26,0.19256204
2023-10-27,0.21479097
2023-10-28,0.24371222
2023-10-29,0.27515414
2023-10-30,0.30288136
2023-10-31,0.32059854
2023-11-01,0.33300692
2023-11-02,0.34158087
2023-11-03,0.34761053
2023-11-04,0.35427952
2023-11-05,0.3585879
2023-11-06,0.3629014
2023-11-07,0.37077937
2023-11-08,0.3779685
2023-11-09,0.38844138
2023-11-10,0.39918363
2023-11-11,0.406655
2023-11-12,0.4141342
2023-11-13,0.41999096
2023-11-14,0.42208317
2023-11-15,0.42019153
2023-11-16,0.4123552
2023-11-17,0.40302756
2023-11-18,0.39725533
2023-11-19,0.39585286
2023-11-20,0.40018392
2023-11-21,0.40869376
2023-11-22,0.41889358
2023-11-23,0.42726067
2023-11-24,0.43152326
2023-11-25,0.43349332
2023-11-26,0.4328162
2023-11-27,0.43281704
2023-11-28,0.4410586
2023-11-29,0.45014495
2023-11-30,0.46024874
2023-12-01,0.4674676
2023-12-02,0.47775194
2023-12-03,0.4874356
2023-12-04,0.49267635
2023-12-05,0.49652424
2023-12-06,0.49772963
2023-12-07,0.50373703
2023-12-08,0.51703113
2023-12-09,0.52787596
2023-12-10,0.5330507
2023-12-11,0.53397316
2023-12-12,0.52906823
2023-12-13,0.5268854
2023-12-14,0.52394235
2023-12-15,0.51949215
2023-12-16,0.51353467
2023-12-17,0.5118664
2023-12-18,0.5118887
2023-12-19,0.51373535
2023-12-20,0.51106596
2023-12-21,0.50680006
2023-12-22,0.5017225
2023-12-23,0.49577618
2023-12-24,0.48959786
2023-12-25,0.48503965
2023-12-26,0.4835479
2023-12-27,0.48441762
2023-12-28,0.48823923
2023-12-29,0.4773442
2023-12-30,0.45964062
2023-12-31,0.44085196
2024-01-01,0.41999897
2024-01-02,0.40746853
2024-01-03,0.39799234
2024-01-04,0.39238697
2024-01-05,0.38776612
2024-01-06,0.38152778
2024-01-07,0.37500927
2024-01-08,0.3709327
2024-01-09,0.37327418
2024-01-10,0.37928537
2024-01-11,0.38297302
2024-01-12,0.38451895
2024-01-13,0.38874534
2024-01-14,0.39980838
2024-01-15,0.41322058
2024-01-16,0.42631578
2024-01-17,0.4383973
2024-01-18,0.4529398
2024-01-19,0.46662745
2024-01-20,0.4786437
2024-01-21,0.4808788
2024-01-22,0.48306066
2024-01-23,0.48512077
2024-01-24,0.48656076
2024-01-25,0.48481587
2024-01-26,0.48103887
2024-01-27,0.47613648
2024-01-28,0.47710738
2024-01-29,0.48611754
2024-01-30,0.49078867
2024-01-31,0.4878626
2024-02-01,0.47724444
2024-02-02,0.4551652
2024-02-03,0.4330949
2024-02-04,0.41835532
2024-02-05,0.4089348
2024-02-06,0.39518058
2024-02-07,0.3747936
2024-02-08,0.3598058
2024-02-09,0.34756133
2024-02-10,0.33715186
2024-02-11,0.32510477
2024-02-12,0.32394138
2024-02-13,0.32469195
2024-02-14,0.328559
2024-02-15,0.33217815
2024-02-16,0.33604276
2024-02-17,0.33730027
2024-02-18,0.33392966
2024-02-19,0.32836926
2024-02-20,0.31925955
2024-02-21,0.30863604
2024-02-22,0.29888904
2024-02-23,0.29085046
2024-02-24,0.28323138
2024-02-25,0.2792122
2024-02-26,0.27941096
2024-02-27,0.2824184
2024-02-28,0.28745696
2024-02-29,0.29372606
2024-03-01,0.3003527
2024-03-02,0.31156206
2024-03-03,0.32589674
2024-03-04,0.34215167
2024-03-05,0.35606685
2024-03-06,0.3704043
2024-03-07,0.3849669
2024-03-08,0.40048409
2024-03-09,0.41689855
2024-03-10,0.42352805
2024-03-11,0.42149618
2024-03-12,0.4147122
2024-03-13,0.41464815
2024-03-14,0.42670873
2024-03-15,0.44602668
2024-03-16,0.46376067
2024-03-17,0.47524735
2024-03-18,0.48377258
2024-03-19,0.4905662
2024-03-20,0.48444104
2024-03-21,0.4760046
2024-03-22,0.47221446
2024-03-23,0.47242698
2024-03-24,0.47392884
2024-03-25,0.47147506
2024-03-26,0.46895084
2024-03-27,0.46850163
2024-03-28,0.47199187
2024-03-29,0.47877532
2024-03-30,0.4832022
2024-03-31,0.48441595
2024-04-01,0.48396763
2024-04-02,0.4810866
2024-04-03,0.4794298
2024-04-04,0.47568107
2024-04-05,0.47160164
2024-04-06,0.46402454
2024-04-07,0.4554891
2024-04-08,0.44568804
2024-04-09,0.43268314
2024-04-10,0.4240323
2024-04-11,0.41945922
2024-04-12,0.4155349
2024-04-13,0.40940377
2024-04-14,0.40646306
2024-04-15,0.403991
2024-04-16,0.40404794
2024-04-17,0.4010863
2024-04-18,0.39380822
2024-04-19,0.38259327
2024-04-20,0.36724368
2024-04-21,0.35408708
2024-04-22,0.34539023
2024-04-23,0.33790872
2024-04-24,0.33432272
2024-04-25,0.33323672
2024-04-26,0.332893
2024-04-27,0.3317774
2024-04-28,0.333512
2024-04-29,0.33590785
2024-04-30,0.33890384
2024-05-01,0.3420406
2024-05-02,0.34237972
2024-05-03,0.34054834
2024-05-04,0.3392722
2024-05-05,0.34280443
2024-05-06,0.34935364
2024-05-07,0.34321222
2024-05-08,0.32770166
2024-05-09,0.30970675
2024-05-10,0.2914641
2024-05-11,0.27533588
2024-05-12,0.26125515
2024-05-13,0.25033778
2024-05-14,0.2500196
2024-05-15,0.2575783
2024-05-16,0.26803526
2024-05-17,0.27513343
2024-05-18,0.28133348
2024-05-19,0.29080448
2024-05-20,0.3009297
2024-05-21,0.3098062
2024-05-22,0.31919327
2024-05-23,0.32665455
2024-05-24,0.33086354
2024-05-25,0.33186376
2024-05-26,0.3239939
2024-05-27,0.3116542
2024-05-28,0.30022547
2024-05-29,0.29116568
2024-05-30,0.28403875
2024-05-31,0.28321955
2024-06-01,0.28801635
2024-06-02,0.294044
2024-06-03,0.29861635
2024-06-04,0.3009138
2024-06-05,0.29558
2024-06-06,0.28985783
2024-06-07,0.28487736
2024-06-08,0.277566
2024-06-09,0.27236322
2024-06-10,0.2661078
2024-06-11,0.26141968
2024-06-12,0.25869977
2024-06-13,0.260821
2024-06-14,0.25988987
2024-06-15,0.25795728
2024-06-16,0.25610793
2024-06-17,0.25694266
2024-06-18,0.26215562
2024-06-19,0.26499462
2024-06-20,0.2670026
2024-06-21,0.26945585
2024-06-22,0.27210024
2024-06-23,0.26961806
2024-06-24,0.26717535
2024-06-25,0.26538464
2024-06-26,0.2630671
2024-06-27,0.26320943
2024-06-28,0.26530233
2024-06-29,0.26961428
2024-06-30,0.27406982
2024-07-01,0.27739093
2024-07-02,0.27774355
2024-07-03,0.27537686
2024-07-04,0.2743181
2024-07-05,0.2758733
2024-07-06,0.2775777
2024-07-07,0.2783746
2024-07-08,0.277535
2024-07-09,0.27575934
2024-07-10,0.27290636
2024-07-11,0.26686513
2024-07-12,0.2522813
2024-07-13,0.23160249
2024-07-14,0.21260783
2024-07-15,0.19225362
2024-07-16,0.17118888
2024-07-17,0.15417817
2024-07-18,0.1425589
2024-07-19,0.13379441
2024-07-20,0.12128212
2024-07-21,0.115467
2024-07-22,0.10932099
2024-07-23,0.09989509
2024-07-24,0.09305889
2024-07-25,0.09466337
2024-07-26,0.102138266
2024-07-27,0.11445047
2024-07-28,0.13415013
2024-07-29,0.15366608
2024-07-30,0.16675305
2024-07-31,0.17557894
2024-08-01,0.18172769
2024-08-02,0.18749277
2024-08-03,0.19600572
2024-08-04,0.21112376
2024-08-05,0.23119833
2024-08-06,0.2453029
2024-08-07,0.257433
2024-08-08,0.2683603
2024-08-09,0.2793988
2024-08-10,0.2811804
2024-08-11,0.28199434
2024-08-12,0.2841886
2024-08-13,0.28873825
2024-08-14,0.29070854
2024-08-15,0.2899698
2024-08-16,0.2910491
2024-08-17,0.28913897
2024-08-18,0.28682178
2024-08-19,0.28389075
2024-08-20,0.2771891
2024-08-21,0.26614052
2024-08-22,0.25207907
2024-08-23,0.24561156
2024-08-24,0.23763156
2024-08-25,0.22759615
2024-08-26,0.21940926
2024-08-27,0.20972577
2024-08-28,0.20127177
2024-08-29,0.19766238
2024-08-30,0.19765258
2024-08-31,0.1936266
2024-09-01,0.19107321
2024-09-02,0.19321235
2024-09-03,0.19424345
2024-09-04,0.19569585
2024-09-05,0.19693945
2024-09-06,0.20261668
2024-09-07,0.21348317
2024-09-08,0.22564402
2024-09-09,0.22940649
2024-09-10,0.2130338
2024-09-11,0.19094719
2024-09-12,0.16631909
2024-09-13,0.14252797
2024-09-14,0.12218637
2024-09-15,0.103902325
2024-09-16,0.097937286
2024-09-17,0.10046535
2024-09-18,0.11174442
2024-09-19,0.12400287
2024-09-20,0.14257169
2024-09-21,0.16621612
2024-09-22,0.18991692
2024-09-23,0.21158503
2024-09-24,0.22841111
2024-09-25,0.23919421
2024-09-26,0.24562715
2024-09-27,0.24634266
2024-09-28,0.2438846
2024-09-29,0.23784776
2024-09-30,0.22960168
2024-10-01,0.22192718
2024-10-02,0.21502647
2024-10-03,0.21287367
2024-10-04,0.21320544
2024-10-05,0.21581043
2024-10-06,0.22149363
2024-10-07,0.22394328
2024-10-08,0.22460623
2024-10-09,0.22911379
2024-10-10,0.23795724
2024-10-11,0.24695592
2024-10-12,0.25674403
2024-10-13,0.26470223
2024-10-14,0.27200267
2024-10-15,0.28070724
2024-10-16,0.29168347
2024-10-17,0.3020026
2024-10-18,0.30691808
2024-10-19,0.30492458
2024-10-20,0.30141807
2024-10-21,0.29324135
2024-10-22,0.2852169
2024-10-23,0.27645025
2024-10-24,0.2693276
2024-10-25,0.2588232
2024-10-26,0.2508535
2024-10-27,0.24441293
2024-10-28,0.24108155
2024-10-29,0.238619
2024-10-30,0.23985621
2024-10-31,0.23816198
2024-11-01,0.233537
2024-11-02,0.23022766
2024-11-03,0.2315786
2024-11-04,0.2393759
2024-11-05,0.24614151
2024-11-06,0.2547603
2024-11-07,0.26204002
2024-11-08,0.2679668
2024-11-09,0.27158535
2024-11-10,0.2656761
2024-11-11,0.2534622
2024-11-12,0.2371838
2024-11-13,0.22403346
2024-11-14,0.21440712
2024-11-15,0.20500547
2024-11-16,0.19490497
2024-11-17,0.18264484
2024-11-18,0.16903874
2024-11-19,0.15778954
2024-11-20,0.16041125
2024-11-21,0.17545089
2024-11-22,0.19762678
2024-11-23,0.22343883
2024-11-24,0.24279137
2024-11-25,0.2572779
2024-11-26,0.26882747
2024-11-27,0.27284104
2024-11-28,0.27173036
2024-11-29,0.26898825
2024-11-30,0.26715425
2024-12-01,0.26989368
2024-12-02,0.2826793
2024-12-03,0.29317975
2024-12-04,0.30140367
2024-12-05,0.30863532
2024-12-06,0.31472954
2024-12-07,0.32058886
2024-12-08,0.3265883
2024-12-09,0.3331836
2024-12-10,0.33794692
2024-12-11,0.34408015
2024-12-12,0.35149246
2024-12-13,0.35895854
2024-12-14,0.36161417
2024-12-15,0.3551045
2024-12-16,0.34574968
2024-12-17,0.3338971
2024-12-18,0.32700825
2024-12-19,0.32093653
2024-12-20,0.32659858
2024-12-21,0.33442765
2024-12-22,0.33708355
2024-12-23,0.33928132
2024-12-24,0.3371525
2024-12-25,0.3347576
2024-12-26,0.32929048
2024-12-27,0.32374275
2024-12-28,0.32100743
2024-12-29,0.3183504
2024-12-30,0.32038838
2024-12-31,0.32384256
2025-01-01,0.32668674
2025-01-02,0.33171952
2025-01-03,0.33606827
2025-01-04,0.33552632
2025-01-05,0.33032587
2025-01-06,0.32493183
2025-01-07,0.32304946
2025-01-08,0.31668854
2025-01-09,0.31110725
2025-01-10,0.31353658
2025-01-11,0.31921017
2025-01-12,0.3314479
2025-01-13,0.34338447
2025-01-14,0.34786546
2025-01-15,0.36089697
2025-01-16,0.38283315
2025-01-17,0.3982788
2025-01-18,0.40522882
2025-01-19,0.41804636
2025-01-20,0.42497405
2025-01-21,0.41518933
2025-01-22,0.3979068
2025-01-23,0.3812224
2025-01-24,0.36360326
2025-01-25,0.33519012
2025-01-26,0.30141604
2025-01-27,0.27348667
2025-01-28,0.25705034
2025-01-29,0.2448347
2025-01-30,0.22952057
2025-01-31,0.20681527
2025-02-01,0.18308502
2025-02-02,0.16103958
2025-02-03,0.14662586
2025-02-04,0.13973114
2025-02-05,0.13130815
2025-02-06,0.11721481
2025-02-07,0.10100766
2025-02-08,0.07987816
2025-02-09,0.060598962
2025-02-10,0.046614323
2025-02-11,0.044919193
2025-02-12,0.04807402
2025-02-13,0.05298084
2025-02-14,0.066382796
2025-02-15,0.07443417
2025-02-16,0.080759235
2025-02-17,0.08175307
2025-02-18,0.08498709
2025-02-19,0.08034784
2025-02-20,0.07730877
2025-02-21,0.07903555
2025-02-22,0.07618736
2025-02-23,0.071818545
2025-02-24,0.06770512
2025-02-25,0.05641996
2025-02-26,0.038680013
2025-02-27,0.018677777
2025-02-28,-0.0043201786
2025-03-01,-0.018035574
2025-03-02,-0.025412168
2025-03-03,-0.029826848
2025-03-04,-0.031064842
2025-03-05,-0.031164942
2025-03-06,-0.046614293
2025-03-07,-0.06090688
2025-03-08,-0.06873058
2025-03-09,-0.0635943
2025-03-10,-0.05013811
2025-03-11,-0.032153282
2025-03-12,-0.016882392
2025-03-13,-0.007973596
2025-03-14,0.001285909
2025-03-15,0.008299611
2025-03-16,0.010525704
2025-03-17,0.004671994
2025-03-18,-0.0076036556
2025-03-19,-0.025760248
2025-03-20,-0.045900334
2025-03-21,-0.06010954
2025-03-22,-0.07146924
2025-03-23,-0.08284482
2025-03-24,-0.082889736
2025-03-25,-0.07614575
2025-03-26,-0.06574788
2025-03-27,-0.052434437
2025-03-28,-0.036323566
2025-03-29,-0.02079024
2025-03-30,-0.011826617
2025-03-31,-0.00686903
2025-04-01,-0.006440439
2025-04-02,-0.0069183633
2025-04-03,-0.008807485
2025-04-04,-0.0101130875
2025-04-05,-0.0110423
2025-04-06,-0.0107382955
2025-04-07,-0.011632269
2025-04-08,-0.014997212
2025-04-09,-0.018532133
2025-04-10,-0.021070711
2025-04-11,-0.022282066
2025-04-12,-0.020897627
2025-04-13,-0.019581752
2025-04-14,-0.017758088
2025-04-15,-0.014023206
2025-04-16,-0.010320694
2025-04-17,-0.006539822
2025-04-18,-0.004965693
2025-04-19,-0.0019311529
2025-04-20,0.005777277
2025-04-21,0.017030306
2025-04-22,0.029292218
2025-04-23,0.044212516
2025-04-24,0.058045574
2025-04-25,0.07103399
2025-04-26,0.078956
2025-04-27,0.08484996
2025-04-28,0.0928262
2025-04-29,0.09977301
2025-04-30,0.10163812
2025-05-01,0.09676224
2025-05-02,0.08857541
2025-05-03,0.08039491
2025-05-04,0.0765579
2025-05-05,0.07371017
2025-05-06,0.07385531
2025-05-07,0.07686704
2025-05-08,0.08059152
2025-05-09,0.08610277
2025-05-10,0.092908144
2025-05-11,0.099127494
2025-05-12,0.10486832
2025-05-13,0.10683378
2025-05-14,0.10505646
2025-05-15,0.102558136
2025-05-16,0.10286082
2025-05-17,0.10847145
2025-05-18,0.115953885
2025-05-19,0.114079095
2025-05-20,0.10577209
2025-05-21,0.09501479
2025-05-22,0.0825031
2025-05-23,0.0718809
2025-05-24,0.063985884
2025-05-25,0.05441676
2025-05-26,0.05373601
2025-05-27,0.055329252
2025-05-28,0.059181795
2025-05-29,0.06072606
2025-05-30,0.054526538
2025-05-31,0.042794034
2025-06-01,0.030206738
2025-06-02,0.017476695
2025-06-03,-0.0017937839
2025-06-04,-0.019075278
2025-06-05,-0.031350095
2025-06-06,-0.0409621
2025-06-07,-0.04957107
2025-06-08,-0.062408622
2025-06-09,-0.07369581
2025-06-10,-0.086487606
2025-06-11,-0.10036092
2025-06-12,-0.11202295
2025-06-13,-0.1190216
2025-06-14,-0.122109175
2025-06-15,-0.12026007
2025-06-16,-0.12171427
2025-06-17,-0.12402028
2025-06-18,-0.1247199
2025-06-19,-0.12093354
2025-06-20,-0.1100262
2025-06-21,-0.094034545
2025-06-22,-0.07641978
2025-06-23,-0.060242012
2025-06-24,-0.04623659
2025-06-25,-0.03760313
2025-06-26,-0.03488394
2025-06-27,-0.033487674
2025-06-28,-0.032716136
2025-06-29,-0.033435713
2025-06-30,-0.034702733
2025-07-01,-0.03786126
2025-07-02,-0.04330848
2025-07-03,-0.048703857
2025-07-04,-0.047991328
2025-07-05,-0.044265404
2025-07-06,-0.04294093
2025-07-07,-0.03346008
2025-07-08,-0.019447966
2025-07-09,-0.009528732
2025-07-10,-1.5154304e-05
2025-07-11,0.0014486017
2025-07-12,0.0003393771
2025-07-13,0.0030535492
2025-07-14,0.003679235
2025-07-15,0.0033880128
2025-07-16,0.002635828
2025-07-17,0.006446204
2025-07-18,0.0063867173
2025-07-19,0.008880622
2025-07-20,0.012974456
2025-07-21,0.02005338
2025-07-22,0.024768598
2025-07-23,0.025289405
2025-07-24,0.0332181
2025-07-25,0.048623495
2025-07-26,0.06488225
2025-07-27,0.07342779
2025-07-28,0.08078026
2025-07-29,0.08590806
2025-07-30,0.094079725
2025-07-31,0.09506758
2025-08-01,0.10023015
2025-08-02,0.10403694
2025-08-03,0.10831115
2025-08-04,0.117529206
2025-08-05,0.13577276
2025-08-06,0.16321932
2025-08-07,0.18970597
2025-08-08,0.2079764
2025-08-09,0.2241295
2025-08-10,0.2323895
2025-08-11,0.23692828
2025-08-12,0.24187995
2025-08-13,0.23939417
2025-08-14,0.2332091
2025-08-15,0.23173054
2025-08-16,0.2373665
2025-08-17,0.2453849
2025-08-18,0.25765723
2025-08-19,0.26911092
2025-08-20,0.27328098
2025-08-21,0.28311628
2025-08-22,0.29986748
2025-08-23,0.31438333
2025-08-24,0.3330438
2025-08-25,0.35871843
2025-08-26,0.39990076
2025-08-27,0.44745412
2025-08-28,0.46952337
2025-08-29,0.47851643
2025-08-30,0.47911662
2025-08-31,0.47538352
2025-09-01,0.46785533
2025-09-02,0.48093417
2025-09-03,0.492323
2025-09-04,0.50043976
2025-09-05,0.50476253
2025-09-06,0.5013195
2025-09-07,0.49279043
2025-09-08,0.49086937
2025-09-09,0.49654886
2025-09-10,0.49401698
2025-09-11,0.48719
2025-09-12,0.4844692
2025-09-13,0.4826815
2025-09-14,0.4842047
2025-09-15,0.4888691
2025-09-16,0.4994498
2025-09-17,0.509594
2025-09-18,0.51985055
2025-09-19,0.5304835
2025-09-20,0.5228292
2025-09-21,0.50557935
2025-09-22,0.48775855
2025-09-23,0.47020173
2025-09-24,0.4514267
2025-09-25,0.43818945
2025-09-26,0.4346069
2025-09-27,0.4389411
2025-09-28,0.45026326
2025-09-29,0.45587558
2025-09-30,0.45904988
2025-10-01,0.46503127
2025-10-02,0.478629
2025-10-03,0.49454015
2025-10-04,0.5071345
2025-10-05,0.5176093
2025-10-06,0.52541494
2025-10-07,0.5295095
2025-10-08,0.5328374
2025-10-09,0.5341477
2025-10-10,0.5389037
2025-10-11,0.5401258
2025-10-12,0.5410436
2025-10-13,0.54323757
2025-10-14,0.54625857
2025-10-15,0.5490924
2025-10-16,0.5496326
2025-10-17,0.5405455
2025-10-18,0.5298066
2025-10-19,0.5170393
2025-10-20,0.5058707
2025-10-21,0.4937142
2025-10-22,0.47810474
2025-10-23,0.46119556
2025-10-24,0.44650403
2025-10-25,0.43054867
2025-10-26,0.42569035
2025-10-27,0.4265646
2025-10-28,0.43395436
2025-10-29,0.44333863
2025-10-30,0.4526387
2025-10-31,0.46218115
2025-11-01,0.47278705
2025-11-02,0.47930187
2025-11-03,0.48070645
2025-11-04,0.47925922
2025-11-05,0.47461072
2025-11-06,0.46925142
2025-11-07,0.46524838
2025-11-08,0.4657252
2025-11-09,0.47007832
2025-11-10,0.47705615
2025-11-11,0.48546568
2025-11-12,0.49861148
2025-11-13,0.5048963
2025-11-14,0.50795954
2025-11-15,0.5070423
2025-11-16,0.50469106
2025-11-17,0.50732213
2025-11-18,0.5145463
2025-11-19,0.5291343
2025-11-20,0.54104954
2025-11-21,0.55353826
2025-11-22,0.5554733
2025-11-23,0.55647635
2025-11-24,0.55201435
2025-11-25,0.550205
2025-11-26,0.5578186
2025-11-27,0.56775135
2025-11-28,0.5723489
2025-11-29,0.5842689
2025-11-30,0.61941016
2025-12-01,0.6549557
2025-12-02,0.6695444
2025-12-03,0.6722417
2025-12-04,0.67881036
2025-12-05,0.69688475
2025-12-06,0.7151031
2025-12-07,0.7322369
2025-12-08,0.75215876
2025-12-09,0.76928014
2025-12-10,0.79016995
2025-12-11,0.8084618
2025-12-12,0.8208432
2025-12-13,0.82301617
2025-12-14,0.8281328
2025-12-15,0.82071424
2025-12-16,0.7980805
2025-12-17,0.75534314
2025-12-18,0.69504404
2025-12-19,0.63713264
2025-12-20,0.57141805
2025-12-21,0.51358986
2025-12-22,0.4902244
2025-12-23,0.48142657
2025-12-24,0.4913459
2025-12-25,0.49566755
2025-12-26,0.49494043
2025-12-27,0.47235698
2025-12-28,0.4596019
2025-12-29,0.4460722
2025-12-30,0.41588962
2025-12-31,0.40236893
2026-01-01,0.37066498
2026-01-02,0.34317157
2026-01-03,0.3144382
2026-01-04,0.2879301
2026-01-05,0.25387013
2026-01-06,0.21873389
2026-01-07,0.21061985
2026-01-08,0.21492387
2026-01-09,0.23317721
2026-01-10,0.24883495
2026-01-11,0.26526877
2026-01-12,0.27756825
2026-01-13,0.2765433
2026-01-14,0.27363896
2026-01-15,0.26548952
2026-01-16,0.27531213
2026-01-17,0.28520644
2026-01-18,0.29707792
2026-01-19,0.3096276
2026-01-20,0.3261138
2026-01-21,0.35157287
2026-01-22,0.3731849
2026-01-23,0.39209032
2026-01-24,0.39932728
2026-01-25,0.39987257
2026-01-26,0.39481696
2026-01-27,0.40547585
2026-01-28,0.41661063
2026-01-29,0.43011424
2026-01-30,0.43776247
2026-01-31,0.43951133
2026-02-01,0.44578767
2026-02-02,0.44842982
2026-02-03,0.4519221
2026-02-04,0.45945767
2026-02-05,0.4656741
2026-02-06,0.46832633
2026-02-07,0.47109687
2026-02-08,0.47628912
2026-02-09,0.48554364
2026-02-10,0.50374186
2026-02-11,0.51578903
2026-02-12,0.52710956
2026-02-13,0.53315896
2026-02-14,0.5373156
2026-02-15,0.5386521
2026-02-16,0.5464723
2026-02-17,0.55003726
2026-02-18,0.54780406
2026-02-19,0.54146755
2026-02-20,0.5340891
2026-02-21,0.5246361
2026-02-22,0.50824296
2026-02-23,0.49442697
2026-02-24,0.48962438
2026-02-25,0.48995274
2026-02-26,0.4898996
2026-02-27,0.4941713
2026-02-28,0.50324947
2026-03-01,0.52447146
2026-03-02,0.5534302
2026-03-03,0.57037723
2026-03-04,0.5773181
2026-03-05,0.5825955
2026-03-06,0.5938774
2026-03-07,0.5998516
2026-03-08,0.6016084
2026-03-09,0.6058464
2026-03-10,0.6148492
2026-03-11,0.62284154
2026-03-12,0.62437415
2026-03-13,0.6288531
2026-03-14,0.6230284
2026-03-15,0.61548376
2026-03-16,0.603761
2026-03-17,0.59172994
2026-03-18,0.5819853
2026-03-19,0.58245844
2026-03-20,0.58596206
2026-03-21,0.5950572
2026-03-22,0.6019623
2026-03-23,0.6080149
2026-03-24,0.60821164
2026-03-25,0.60932255
2026-03-26,0.60929596
2026-03-27,0.6031412
2026-03-28,0.6004116
2026-03-29,0.60501945
2026-03-30,0.6031951
2026-03-31,0.59247255
2026-04-01,0.56674886
2026-04-02,0.53777695
2026-04-03,0.51718104
2026-04-04,0.49742126
2026-04-05,0.4850723
2026-04-06,0.47934505
2026-04-07,0.50241536
2026-04-08,0.5396798
2026-04-09,0.5816066
2026-04-10,0.61712474
2026-04-11,0.6518269
2026-04-12,0.6751859
2026-04-13,0.69628054
2026-04-14,0.7057157
2026-04-15,0.7168483
2026-04-16,0.7266594
2026-04-17,0.7358388
2026-04-18,0.7384892
2026-04-19,0.74021286
2026-04-20,0.7445065
2026-04-21,0.7604427
2026-04-22,0.79142255
2026-04-23,0.8236056
2026-04-24,0.8429303
2026-04-25,0.86112034
2026-04-26,0.8702174
2026-04-27,0.87026614
2026-04-28,0.874887
2026-04-29,0.888434
2026-04-30,0.89219034
2026-05-01,0.8660174
2026-05-02,0.83053976
2026-05-03,0.7773112
2026-05-04,0.7348693
2026-05-05,0.6914058
2026-05-06,0.6510104
2026-05-07,0.62129015
2026-05-08,0.6022517
2026-05-09,0.5828665
2026-05-10,0.56130385
2026-05-11,0.5299589
2026-05-12,0.50857776
2026-05-13,0.4975479
2026-05-14,0.4847958
2026-05-15,0.47242782
2026-05-16,0.4662263
2026-05-17,0.46925136
2026-05-18,0.46987137
2026-05-19,0.47617716
2026-05-20,0.4874217
2026-05-21,0.4889098
2026-05-22,0.49012494
2026-05-23,0.48598337
2026-05-24,0.48302206
2026-05-25,0.4797804
2026-05-26,0.48156852
2026-05-27,0.5077476
2026-05-28,0.5277419
2026-05-29,0.5369211
2026-05-30,0.53890055
2026-05-31,0.5445466
2026-06-01,0.5453125
2026-06-02,0.5389544
2026-06-03,0.5269592
2026-06-04,0.50923896
2026-06-05,0.4932303
2026-06-06,0.47946864
2026-06-07,0.47340247
2026-06-08,0.4562517
2026-06-09,0.44624177
2026-06-10,0.42871174
2026-06-11,0.41431877
2026-06-12,0.40402386
2026-06-13,0.40857956
2026-06-14,0.43310386
2026-06-15,0.47511068
2026-06-16,0.52258515
2026-06-17,0.5605088
2026-06-18,0.6136337
2026-06-19,0.6648583
2026-06-20,0.6833071
2026-06-21,0.6935456
2026-06-22,0.684103
2026-06-23,0.67176646
2026-06-24,0.66427916
2026-06-25,0.6791404
2026-06-26,0.6753171
2026-06-27,0.67527705
2026-06-28,0.70813924
2026-06-29,0.7206563
2026-06-30,0.7673618
2026-07-01,0.8186658
2026-07-02,0.87253165
2026-07-03,0.9208623
2026-07-04,0.978279
2026-07-05,1.0419368
2026-07-06,1.0673233
2026-07-07,1.0649861
2026-07-08,1.0368937
2026-07-09,1.0113258
2026-07-10,0.9799701
2026-07-11,0.9663228
2026-07-12,0.98048717
2026-07-13,1.0021307
2026-07-14,1.0233445
2026-07-15,1.0179367
2026-07-16,1.0134382
2026-07-17,0.99961835
2026-07-18,0.9836674
2026-07-19,0.97414345
2026-07-20,0.94976133
2026-07-21,0.92252475
2026-07-22,0.89370567
2026-07-23,0.8655489
2026-07-24,0.8522674
2026-07-25,0.84753203
2026-07-26,0.8494875
2026-07-27,0.85843533
2026-07-28,0.8540855
2026-07-29,0.8438377
2026-07-30,0.8421723
2026-07-31,0.83106077
2026-08-01,0.80770826
2026-08-02,0.7884092
2026-08-03,0.77941096
2026-08-04,0.7829944
2026-08-05,0.7938345
2026-08-06,0.8116636
2026-08-07,0.8236932
2026-08-08,0.8244545
2026-08-09,0.81300515
2026-08-10,0.7904302
2026-08-11,0.7689646
2026-08-12,0.7547973
2026-08-13,0.73785484
2026-08-14,0.7309784
2026-08-15,0.7239388
2026-08-16,0.72048354
2026-08-17,0.71591103
2026-08-18,0.7123296
2026-08-19,0.7082538
2026-08-20,0.70510435
2026-08-21,0.69888544
2026-08-22,0.684481
2026-08-23,0.6652188
2026-08-24,0.6457485
2026-08-25,0.62398344
2026-08-26,0.5976287
2026-08-27,0.57110614
2026-08-28,0.53364265
2026-08-29,0.4921454
2026-08-30,0.4788445
2026-08-31,0.47427955
2026-09-01,0.46653163
2026-09-02,0.4496905
2026-09-03,0.4342177
2026-09-04,0.41300312
2026-09-05,0.40245703
2026-09-06,0.39140388
2026-09-07,0.38116708
2026-09-08,0.37535968
2026-09-09,0.3751658
2026-09-10,0.38751218
2026-09-11,0.3976145
2026-09-12,0.39615357
2026-09-13,0.38904366
2026-09-14,0.3863209
2026-09-15,0.3791339
2026-09-16,0.36751267
2026-09-17,0.35187322
2026-09-18,0.3371551
2026-09-19,0.3250557
2026-09-20,0.314665
2026-09-21,0.30727622
2026-09-22,0.30263165
2026-09-23,0.3073579
2026-09-24,0.31684938
2026-09-25,0.3257024
2026-09-26,0.3398319
2026-09-27,0.35797486
2026-09-28,0.3824838
2026-09-29,0.41211352
2026-09-30,0.43014103
2026-10-01,0.4475607
2026-10-02,0.45688912
2026-10-03,0.45908046
2026-10-04,0.4337827
2026-10-05,0.39496905
2026-10-06,0.35214844
2026-10-07,0.31676325
2026-10-08,0.28455198
2026-10-09,0.26289558
2026-10-10,0.24603662
2026-10-11,0.23995447
2026-10-12,0.23132722
2026-10-13,0.22150934
2026-10-14,0.2067681
2026-10-15,0.19309528
2026-10-16,0.18310462
2026-10-17,0.1773823
2026-10-18,0.1665556
2026-10-19,0.14585182
2026-10-20,0.11817174
2026-10-21,0.09572839
2026-10-22,0.08043791
2026-10-23,0.07167974
2026-10-24,0.066110685
2026-10-25,0.057870697
2026-10-26,0.047173355
2026-10-27,0.03809649
2026-10-28,0.046483524
2026-10-29,0.061652284
2026-10-30,0.08958764
2026-10-31,0.110530555
2026-11-01,0.12967333
2026-11-02,0.14677829
2026-11-03,0.15616429
2026-11-04,0.15795773
2026-11-05,0.16405739
2026-11-06,0.17391355
2026-11-07,0.19091673
2026-11-08,0.20357612
2026-11-09,0.20782052
2026-11-10,0.21679716
2026-11-11,0.22906308
2026-11-12,0.2327884
2026-11-13,0.22820865
2026-11-14,0.22395068
2026-11-15,0.21584746
2026-11-16,0.2080467
2026-11-17,0.20976202
2026-11-18,0.20973115
2026-11-19,0.21377373
2026-11-20,0.21561591
2026-11-21,0.21858057
2026-11-22,0.22054118
2026-11-23,0.21159613
2026-11-24,0.20398249
2026-11-25,0.20151283
2026-11-26,0.2052553
2026-11-27,0.2173528
2026-11-28,0.23474185
2026-11-29,0.25191495
2026-11-30,0.26653436
2026-12-01,0.28102654
2026-12-02,0.2991006
2026-12-03,0.31496862
2026-12-04,0.32163233
2026-12-05,0.32668096
2026-12-06,0.3278229
2026-12-07,0.33749002
2026-12-08,0.35169065
2026-12-09,0.3649527
2026-12-10,0.36782655
2026-12-11,0.35526043
2026-12-12,0.33506063
2026-12-13,0.3190639
2026-12-14,0.30834875
2026-12-15,0.2955293
2026-12-16,0.28663862
2026-12-17,0.28045568
2026-12-18,0.27510458
2026-12-19,0.27165297
2026-12-20,0.271916
2026-12-21,0.27237123
2026-12-22,0.27544543
2026-12-23,0.28953746
2026-12-24,0.30464014
2026-12-25,0.31914082
2026-12-26,0.32880753
2026-12-27,0.32540146
2026-12-28,0.3109395
2026-12-29,0.2947741
2026-12-30,0.28240502
2026-12-31,0.27469134
2027-01-01,0.2664782
2027-01-02,0.25739053
2027-01-03,0.25473234
2027-01-04,0.25910866
2027-01-05,0.26590127
2027-01-06,0.2747612
2027-01-07,0.27531266
2027-01-08,0.27280006
2027-01-09,0.27084517
2027-01-10,0.27058196
2027-01-11,0.26752496
2027-01-12,0.25235263
2027-01-13,0.23578018
2027-01-14,0.21808645
2027-01-15,0.19765545
2027-01-16,0.18124212
2027-01-17,0.16771391
2027-01-18,0.1554827
2027-01-19,0.15083079
2027-01-20,0.15146579
2027-01-21,0.16198586
2027-01-22,0.16985197
2027-01-23,0.17205729
2027-01-24,0.17125075
2027-01-25,0.1705596
2027-01-26,0.16570248
2027-01-27,0.16364469
2027-01-28,0.16133748
2027-01-29,0.16077869
2027-01-30,0.15672117
2027-01-31,0.14719923
2027-02-01,0.13358203
2027-02-02,0.11576742
2027-02-03,0.09712191
2027-02-04,0.08160638
2027-02-05,0.07894967
2027-02-06,0.09057419
2027-02-07,0.10652559
2027-02-08,0.12368644
2027-02-09,0.14079139
2027-02-10,0.15112607
2027-02-11,0.15625483
2027-02-12,0.1578065
2027-02-13,0.15922344
2027-02-14,0.1604889
2027-02-15,0.16601233
2027-02-16,0.16909058
2027-02-17,0.17229857
2027-02-18,0.17939422
2027-02-19,0.19047941
2027-02-20,0.20078878
2027-02-21,0.21530116
2027-02-22,0.22860678
2027-02-23,0.24038084
2027-02-24,0.2525134
2027-02-25,0.2622767
2027-02-26,0.26205924
2027-02-27,0.26092935
2027-02-28,0.2653708
2027-03-01,0.27797267
2027-03-02,0.2958762
2027-03-03,0.32589006
2027-03-04,0.34895962
2027-03-05,0.3674305
2027-03-06,0.3778742
2027-03-07,0.3775737
2027-03-08,0.37146288
2027-03-09,0.36708456
2027-03-10,0.36466244
2027-03-11,0.36935288
2027-03-12,0.37499273
2027-03-13,0.37870532
2027-03-14,0.38984877
2027-03-15,0.41229048
2027-03-16,0.4348479
2027-03-17,0.4590355
2027-03-18,0.47489214
2027-03-19,0.48512703
2027-03-20,0.49306232
2027-03-21,0.48777515
2027-03-22,0.4703454
2027-03-23,0.447438
2027-03-24,0.4265609
2027-03-25,0.4090073
2027-03-26,0.39233106
2027-03-27,0.3864144
2027-03-28,0.3802797
2027-03-29,0.3791004
2027-03-30,0.3753071
2027-03-31,0.37083194
2027-04-01,0.37101486
2027-04-02,0.3735268
2027-04-03,0.37060714
2027-04-04,0.36463857
2027-04-05,0.35480645
2027-04-06,0.34418258
2027-04-07,0.338793
2027-04-08,0.33857203
2027-04-09,0.3371453
2027-04-10,0.3396466
2027-04-11,0.33813184
2027-04-12,0.33803454
2027-04-13,0.33616674
2027-04-14,0.32870576
2027-04-15,0.31781968
2027-04-16,0.30993843
2027-04-17,0.30611807
2027-04-18,0.30936947
2027-04-19,0.32590452
2027-04-20,0.34753028
2027-04-21,0.37004355
2027-04-22,0.39348173
2027-04-23,0.41019794
2027-04-24,0.41614476
2027-04-25,0.41816935
2027-04-26,0.41890204
2027-04-27,0.42084026
2027-04-28,0.41777843
2027-04-29,0.41098702
2027-04-30,0.40481374
2027-05-01,0.40532264
2027-05-02,0.40776658
2027-05-03,0.40858123
2027-05-04,0.40238073
2027-05-05,0.3900023
2027-05-06,0.36993277
2027-05-07,0.35203955
2027-05-08,0.3422445
2027-05-09,0.3362001
2027-05-10,0.3257813
2027-05-11,0.32042503
2027-05-12,0.31724453
2027-05-13,0.3095855
2027-05-14,0.29848018
2027-05-15,0.28274354
2027-05-16,0.27153233
2027-05-17,0.25954604
2027-05-18,0.24517645
2027-05-19,0.22766979
2027-05-20,0.21460195
2027-05-21,0.20898385
2027-05-22,0.20891128
2027-05-23,0.21497296
2027-05-24,0.22103213
2027-05-25,0.22733001
2027-05-26,0.23101945
2027-05-27,0.23886818
2027-05-28,0.24568544
2027-05-29,0.25268063
2027-05-30,0.26075065
2027-05-31,0.26219988
2027-06-01,0.2577229
2027-06-02,0.25337753
2027-06-03,0.25942367
2027-06-04,0.2607415
2027-06-05,0.25706834
2027-06-06,0.25013715
2027-06-07,0.23836595
2027-06-08,0.22104228
2027-06-09,0.20849912
2027-06-10,0.20539033
2027-06-11,0.20096001
2027-06-12,0.19826871
2027-06-13,0.1994133
2027-06-14,0.19946347
2027-06-15,0.19841409
2027-06-16,0.19175611
2027-06-17,0.18537228
2027-06-18,0.17353345
2027-06-19,0.16124097
2027-06-20,0.15794866
2027-06-21,0.149513
2027-06-22,0.14012748
2027-06-23,0.13118297
2027-06-24,0.13178906
2027-06-25,0.1315093
2027-06-26,0.13136978
2027-06-27,0.124178104
2027-06-28,0.11580576
2027-06-29,0.09993857
2027-06-30,0.08023568
2027-07-01,0.06756632
2027-07-02,0.057527155
2027-07-03,0.051701754
2027-07-04,0.041087553
2027-07-05,0.025435375
2027-07-06,0.008912634
2027-07-07,-0.00048746465
2027-07-08,-0.010058618
2027-07-09,-0.016568951
2027-07-10,-0.016262438
2027-07-11,-0.0014930055
2027-07-12,0.016426599
2027-07-13,0.034499336
2027-07-14,0.05153261
2027-07-15,0.05946752
2027-07-16,0.06549647
2027-07-17,0.07582996
2027-07-18,0.08504467
2027-07-19,0.083701916
2027-07-20,0.07052035
2027-07-21,0.047974158
2027-07-22,0.026893398
2027-07-23,0.016193908
2027-07-24,0.0051828874
2027-07-25,0.00097438006
2027-07-26,0.0038562617
2027-07-27,0.012542042
2027-07-28,0.023527978
2027-07-29,0.036528457
2027-07-30,0.046875685
2027-07-31,0.049963262
2027-08-01,0.05107822
2027-08-02,0.04953216
2027-08-03,0.049963977
2027-08-04,0.050929144
2027-08-05,0.05222065
2027-08-06,0.055267137
2027-08-07,0.056979112
2027-08-08,0.05491786
2027-08-09,0.05218147
2027-08-10,0.04993555
2027-08-11,0.051466435
2027-08-12,0.05559563
2027-08-13,0.060513556
2027-08-14,0.06464012
2027-08-15,0.072227545
2027-08-16,0.083146945
2027-08-17,0.09099955
2027-08-18,0.09305304
2027-08-19,0.09089814
2027-08-20,0.0917294
2027-08-21,0.09510629
2027-08-22,0.10401425
2027-08-23,0.116245344
2027-08-24,0.12642689
2027-08-25,0.13800065
2027-08-26,0.14790757
2027-08-27,0.15391742
2027-08-28,0.15365891
2027-08-29,0.14563394
2027-08-30,0.13660486
2027-08-31,0.12716176
2027-09-01,0.12210956
2027-09-02,0.12039341
2027-09-03,0.12595434
2027-09-04,0.13291346
2027-09-05,0.1335137
2027-09-06,0.12884721
2027-09-07,0.11944568
2027-09-08,0.11077973
2027-09-09,0.10053081
2027-09-10,0.08790362
2027-09-11,0.06676468
2027-09-12,0.04342366
2027-09-13,0.016587857
2027-09-14,-0.0060652425
2027-09-15,-0.021183832
2027-09-16,-0.036066268
2027-09-17,-0.043731935
2027-09-18,-0.044273287
2027-09-19,-0.041328814
2027-09-20,-0.03698473
2027-09-21,-0.02913869
2027-09-22,-0.029928023
2027-09-23,-0.036321893
2027-09-24,-0.046082497
2027-09-25,-0.057383783
2027-09-26,-0.060942832
2027-09-27,-0.058101684
2027-09-28,-0.05932009
2027-09-29,-0.06164879
2027-09-30,-0.06275981
2027-10-01,-0.06065603
2027-10-02,-0.05673397
2027-10-03,-0.054477774
2027-10-04,-0.062453892
2027-10-05,-0.07824499
2027-10-06,-0.088889055
2027-10-07,-0.09280754
2027-10-08,-0.09006446
2027-10-09,-0.082553364
2027-10-10,-0.077652514
2027-10-11,-0.07259566
2027-10-12,-0.06899612
2027-10-13,-0.06569974
2027-10-14,-0.05834895
2027-10-15,-0.054506082
2027-10-16,-0.05498974
2027-10-17,-0.060355373
2027-10-18,-0.06762697
2027-10-19,-0.076552846
2027-10-20,-0.07942326
2027-10-21,-0.07707604
2027-10-22,-0.06957653
2027-10-23,-0.06635123
2027-10-24,-0.07101413
2027-10-25,-0.06531559
2027-10-26,-0.055115163
2027-10-27,-0.047256466
2027-10-28,-0.050273087
2027-10-29,-0.0634924
2027-10-30,-0.07691335
2027-10-31,-0.0866288
2027-11-01,-0.09010913
2027-11-02,-0.09112925
2027-11-03,-0.08111732
2027-11-04,-0.06658368
2027-11-05,-0.05378448
2027-11-06,-0.040336654
2027-11-07,-0.032950263
2027-11-08,-0.025945399
2027-11-09,-0.017350402
2027-11-10,-0.009477369
2027-11-11,0.00047316254
2027-11-12,0.005153741
2027-11-13,0.0075465892
2027-11-14,0.007861463
2027-11-15,0.0077713965
2027-11-16,0.010102608
2027-11-17,0.00895062
2027-11-18,0.0047814115
2027-11-19,-0.0044556363
2027-11-20,-0.019522741
2027-11-21,-0.039687075
2027-11-22,-0.05849934
2027-11-23,-0.07711451
2027-11-24,-0.09090134
2027-11-25,-0.09986926
2027-11-26,-0.109518535
2027-11-27,-0.122947246
2027-11-28,-0.13538189
2027-11-29,-0.14589551
2027-11-30,-0.1567596
2027-12-01,-0.16084652
2027-12-02,-0.16177787
2027-12-03,-0.1615754
2027-12-04,-0.16103679
2027-12-05,-0.16100776
2027-12-06,-0.1591227
2027-12-07,-0.15833731
2027-12-08,-0.15908735
2027-12-09,-0.15898857
2027-12-10,-0.16151543
2027-12-11,-0.16028461
2027-12-12,-0.15638596
2027-12-13,-0.14765538
2027-12-14,-0.13619296
2027-12-15,-0.12022113
2027-12-16,-0.10312156
2027-12-17,-0.0919936
2027-12-18,-0.081377365
2027-12-19,-0.07328442
2027-12-20,-0.06666539
2027-12-21,-0.06445984
2027-12-22,-0.055317514
2027-12-23,-0.046067685
2027-12-24,-0.031161478
2027-12-25,-0.01657564
2027-12-26,0.0005094757
2027-12-27,0.021689145
2027-12-28,0.037346818
2027-12-29,0.055504844
2027-12-30,0.071476676
2027-12-31,0.09051506
2028-01-01,0.1155585
2028-01-02,0.13554019
2028-01-03,0.14154775
2028-01-04,0.14359348
2028-01-05,0.14619966
2028-01-06,0.14352395
2028-01-07,0.13408205
2028-01-08,0.12231872
2028-01-09,0.10996675
2028-01-10,0.0919652
2028-01-11,0.08106121
2028-01-12,0.07481319
2028-01-13,0.06594333
2028-01-14,0.059537757
2028-01-15,0.06089592
2028-01-16,0.07003418
2028-01-17,0.0890998
2028-01-18,0.114949055
2028-01-19,0.13960452
2028-01-20,0.16464783
2028-01-21,0.18515535
2028-01-22,0.19130279
2028-01-23,0.18774171
2028-01-24,0.17847851
2028-01-25,0.16595906
2028-01-26,0.15418032
2028-01-27,0.1533247
2028-01-28,0.15509138
2028-01-29,0.1638579
2028-01-30,0.17351171
2028-01-31,0.17674048
2028-02-01,0.1758826
2028-02-02,0.17031997
2028-02-03,0.16029993
2028-02-04,0.15165117
2028-02-05,0.14724533
2028-02-06,0.14774883
2028-02-07,0.14960557
2028-02-08,0.15117039
2028-02-09,0.15561745
2028-02-10,0.15385912
2028-02-11,0.1481405
2028-02-12,0.13608812
2028-02-13,0.1231298
2028-02-14,0.1123566
2028-02-15,0.11180701
2028-02-16,0.10986999
2028-02-17,0.10830112
2028-02-18,0.10279226
2028-02-19,0.09844567
2028-02-20,0.095820844
2028-02-21,0.086456105
2028-02-22,0.076091796
2028-02-23,0.06558032
2028-02-24,0.057172384
2028-02-25,0.055708986
2028-02-26,0.05473558
2028-02-27,0.054916427
2028-02-28,0.051240433
2028-02-29,0.04442335
2028-03-01,0.035881866
2028-03-02,0.03389778
2028-03-03,0.03563221
2028-03-04,0.03976666
2028-03-05,0.05005225
2028-03-06,0.062136542
2028-03-07,0.0719503
2028-03-08,0.076178275
2028-03-09,0.08360457
2028-03-10,0.09434491
2028-03-11,0.109972
2028-03-12,0.12730701
2028-03-13,0.14067647
2028-03-14,0.14963102
2028-03-15,0.15669991
2028-03-16,0.16107075
2028-03-17,0.16765276
2028-03-18,0.17248563
2028-03-19,0.16863573
2028-03-20,0.17540024
2028-03-21,0.18487035
2028-03-22,0.19621332
2028-03-23,0.20824373
2028-03-24,0.21226034
2028-03-25,0.21176593
2028-03-26,0.21343079
2028-03-27,0.21996166
2028-03-28,0.23009561
2028-03-29,0.2404239
2028-03-30,0.250018
2028-03-31,0.2590048
2028-04-01,0.27697197
2028-04-02,0.30138946
2028-04-03,0.32165354
2028-04-04,0.33075747
2028-04-05,0.33094627
2028-04-06,0.33123258
2028-04-07,0.34076503
2028-04-08,0.35265508
2028-04-09,0.37109348
2028-04-10,0.3886534
2028-04-11,0.3939949
2028-04-12,0.40058875
2028-04-13,0.39857587
2028-04-14,0.38825002
2028-04-15,0.37474802
2028-04-16,0.36442947
2028-04-17,0.3522213
2028-04-18,0.33814344
2028-04-19,0.32616702
2028-04-20,0.32085496
2028-04-21,0.32771248
2028-04-22,0.3212841
2028-04-23,0.31178442
2028-04-24,0.30694962
2028-04-25,0.31426364
2028-04-26,0.33691546
2028-04-27,0.36200228
2028-04-28,0.38647002
2028-04-29,0.40642297
2028-04-30,0.4279168
2028-05-01,0.42332605
2028-05-02,0.4015756
2028-05-03,0.3668339
2028-05-04,0.32560092
2028-05-05,0.29060307
2028-05-06,0.2598095
2028-05-07,0.23515551
2028-05-08,0.22198343
2028-05-09,0.21557213
2028-05-10,0.21038723
2028-05-11,0.20991743
2028-05-12,0.21441668
2028-05-13,0.22568738
2028-05-14,0.23056601
2028-05-15,0.23311546
2028-05-16,0.23929133
2028-05-17,0.24248038
2028-05-18,0.25159484
2028-05-19,0.26670495
2028-05-20,0.28417134
2028-05-21,0.3047337
2028-05-22,0.32004124
2028-05-23,0.3306868
2028-05-24,0.3409338
2028-05-25,0.35164538
2028-05-26,0.35729608
2028-05-27,0.36379462
2028-05-28,0.37097833
2028-05-29,0.36812314
2028-05-30,0.36355633
2028-05-31,0.36125
2028-06-01,0.3623826
2028-06-02,0.3757913
2028-06-03,0.38757178
2028-06-04,0.39155295
2028-06-05,0.39785534
2028-06-06,0.40282887
2028-06-07,0.4104608
2028-06-08,0.40437433
2028-06-09,0.39002076
2028-06-10,0.37338305
2028-06-11,0.35444257
2028-06-12,0.34077194
2028-06-13,0.32795322
2028-06-14,0.31743488
2028-06-15,0.31250918
2028-06-16,0.3142069
2028-06-17,0.3165921
2028-06-18,0.31347114
2028-06-19,0.3080265
2028-06-20,0.3045336
2028-06-21,0.29737297
2028-06-22,0.28686538
2028-06-23,0.27893287
2028-06-24,0.27021512
2028-06-25,0.26065987
2028-06-26,0.24242501
2028-06-27,0.21889664
2028-06-28,0.20070331
2028-06-29,0.18199849
2028-06-30,0.16504
2028-07-01,0.15459459
2028-07-02,0.15092683
2028-07-03,0.14837523
2028-07-04,0.15127538
2028-07-05,0.15772408
2028-07-06,0.16600133
2028-07-07,0.17819302
2028-07-08,0.198529
2028-07-09,0.22001435
2028-07-10,0.23740317
2028-07-11,0.25849205
2028-07-12,0.27420965
2028-07-13,0.2884216
2028-07-14,0.3030772
2028-07-15,0.3163508
2028-07-16,0.31924796
2028-07-17,0.31472602
2028-07-18,0.30934528
2028-07-19,0.30315632
2028-07-20,0.2990676
2028-07-21,0.29920882
2028-07-22,0.2990993
2028-07-23,0.2948343
2028-07-24,0.28940642
2028-07-25,0.2818811
2028-07-26,0.27378386
2028-07-27,0.2678567
2028-07-28,0.26038763
2028-07-29,0.2573753
2028-07-30,0.25706628
2028-07-31,0.25387636
2028-08-01,0.25406387
2028-08-02,0.26006877
2028-08-03,0.26399362
2028-08-04,0.2638693
2028-08-05,0.25714067
2028-08-06,0.24799909
2028-08-07,0.23773476
2028-08-08,0.23069431
2028-08-09,0.22416115
2028-08-10,0.22160083
2028-08-11,0.22298527
2028-08-12,0.22739111
2028-08-13,0.22494881
2028-08-14,0.21335594
2028-08-15,0.19803458
2028-08-16,0.17978734
2028-08-17,0.1612301
2028-08-18,0.15100496
2028-08-19,0.14781022
2028-08-20,0.14929548
2028-08-21,0.15409324
2028-08-22,0.16019003
2028-08-23,0.15865114
2028-08-24,0.1516882
2028-08-25,0.14926133
2028-08-26,0.15335001
2028-08-27,0.16337317
2028-08-28,0.1777962
2028-08-29,0.18262275
2028-08-30,0.18202645
2028-08-31,0.17911279
2028-09-01,0.1729503
2028-09-02,0.16250631
2028-09-03,0.14921652
2028-09-04,0.13958971
2028-09-05,0.13224477
2028-09-06,0.12831923
2028-09-07,0.12581387
2028-09-08,0.12447721
2028-09-09,0.12395568
2028-09-10,0.1274709
2028-09-11,0.13044213
2028-09-12,0.12957036
2028-09-13,0.12382954
2028-09-14,0.11469176
2028-09-15,0.10407302
2028-09-16,0.09114911
2028-09-17,0.0791998
2028-09-18,0.0728377
2028-09-19,0.068840146
2028-09-20,0.06678558
2028-09-21,0.064892165
2028-09-22,0.062058657
2028-09-23,0.05622848
2028-09-24,0.04949931
2028-09-25,0.038886543
2028-09-26,0.022157393
2028-09-27,0.0053833267
2028-09-28,-0.008804738
2028-09-29,-0.016979385
2028-09-30,-0.021585189
2028-10-01,-0.022905124
2028-10-02,-0.022990651
2028-10-03,-0.0229191
2028-10-04,-0.023906844
2028-10-05,-0.024417616
2028-10-06,-0.025928915
2028-10-07,-0.024205232
2028-10-08,-0.0265589
2028-10-09,-0.02993555
2028-10-10,-0.03357571
2028-10-11,-0.036101624
2028-10-12,-0.03412208
2028-10-13,-0.033260837
2028-10-14,-0.03483664
2028-10-15,-0.03839342
2028-10-16,-0.044063292
2028-10-17,-0.05029387
2028-10-18,-0.05612883
2028-10-19,-0.060315117
2028-10-20,-0.06109131
2028-10-21,-0.06231282
2028-10-22,-0.05796754
2028-10-23,-0.051092044
2028-10-24,-0.04636225
2028-10-25,-0.0480544
2028-10-26,-0.054035325
2028-10-27,-0.061273355
2028-10-28,-0.06749796
2028-10-29,-0.07050551
2028-10-30,-0.063405916
2028-10-31,-0.048148766
2028-11-01,-0.03150825
2028-11-02,-0.015984118
2028-11-03,0.0005758906
2028-11-04,0.011897244
2028-11-05,0.01646578
2028-11-06,0.022200396
2028-11-07,0.037754145
2028-11-08,0.056118943
2028-11-09,0.07288023
2028-11-10,0.08504156
2028-11-11,0.09326961
2028-11-12,0.09328549
2028-11-13,0.096743725
2028-11-14,0.099863075
2028-11-15,0.1027268
2028-11-16,0.10125624
2028-11-17,0.09471831
2028-11-18,0.087588385
2028-11-19,0.08095155
2028-11-20,0.074084654
2028-11-21,0.07073106
2028-11-22,0.07748197
2028-11-23,0.0872538
2028-11-24,0.09605736
2028-11-25,0.107002325
2028-11-26,0.120210886
2028-11-27,0.13239157
2028-11-28,0.14313646
2028-11-29,0.14974211
2028-11-30,0.15084441
2028-12-01,0.15498291
2028-12-02,0.15776446
2028-12-03,0.1716914
2028-12-04,0.19250089
2028-12-05,0.21898127
2028-12-06,0.24385694
2028-12-07,0.2675657
2028-12-08,0.2837268
2028-12-09,0.28608865
2028-12-10,0.28082
2028-12-11,0.2716728
2028-12-12,0.26135698
2028-12-13,0.25295
2028-12-14,0.24574481
2028-12-15,0.23762356
2028-12-16,0.23447464
2028-12-17,0.23634507
2028-12-18,0.24356733
2028-12-19,0.25674587
2028-12-20,0.27384734
2028-12-21,0.2924323
2028-12-22,0.31321198
2028-12-23,0.32966298
2028-12-24,0.34402642
2028-12-25,0.3580237
2028-12-26,0.37282646
2028-12-27,0.3851975
2028-12-28,0.38775846
2028-12-29,0.38255543
2028-12-30,0.37336186
2028-12-31,0.360555
2029-01-01,0.33758208
2029-01-02,0.31361315
2029-01-03,0.29048625
2029-01-04,0.2689277
2029-01-05,0.25106567
2029-01-06,0.24149878
2029-01-07,0.2297078
2029-01-08,0.22213276
2029-01-09,0.20590267
2029-01-10,0.18626004
2029-01-11,0.16906215
2029-01-12,0.15906325
2029-01-13,0.15509973
2029-01-14,0.15699793
2029-01-15,0.1641594
2029-01-16,0.17459813
2029-01-17,0.18787406
2029-01-18,0.20099263
2029-01-19,0.2119097
2029-01-20,0.22021066
2029-01-21,0.22467934
2029-01-22,0.22695315
2029-01-23,0.22578199
2029-01-24,0.2245861
2029-01-25,0.22229575
2029-01-26,0.21712524
2029-01-27,0.21675493
2029-01-28,0.21642591
2029-01-29,0.20782918
2029-01-30,0.19508868
2029-01-31,0.18425183
2029-02-01,0.17633735
2029-02-02,0.17021164
2029-02-03,0.16733466
2029-02-04,0.16884057
2029-02-05,0.17340003
2029-02-06,0.17907098
2029-02-07,0.17907397
2029-02-08,0.17500713
2029-02-09,0.17438157
2029-02-10,0.18996565
2029-02-11,0.21171218
2029-02-12,0.23412536
2029-02-13,0.25502193
2029-02-14,0.26610816
2029-02-15,0.27228165
2029-02-16,0.2741096
2029-02-17,0.278722
2029-02-18,0.27730653
2029-02-19,0.27620628
2029-02-20,0.27531993
2029-02-21,0.2691325
2029-02-22,0.25399414
2029-02-23,0.23825575
2029-02-24,0.22661911
2029-02-25,0.21902296
2029-02-26,0.21367525
2029-02-27,0.21530987
2029-02-28,0.2229363
2029-03-01,0.23438099
2029-03-02,0.24923445
2029-03-03,0.26333535
2029-03-04,0.2774588
2029-03-05,0.28683093
2029-03-06,0.28632498
2029-03-07,0.2810044
2029-03-08,0.27609858
2029-03-09,0.27299285
2029-03-10,0.2732545
2029-03-11,0.2741854
2029-03-12,0.2725363
2029-03-13,0.26760375
2029-03-14,0.26281956
2029-03-15,0.26099175
2029-03-16,0.2593434
2029-03-17,0.2600952
2029-03-18,0.26368114
2029-03-19,0.26710218
2029-03-20,0.2682998
2029-03-21,0.27044234
2029-03-22,0.27624056
2029-03-23,0.28110173
2029-03-24,0.29211986
2029-03-25,0.31086308
2029-03-26,0.33229277
2029-03-27,0.35128093
2029-03-28,0.3651122
2029-03-29,0.37448725
2029-03-30,0.3815789
2029-03-31,0.38888085
2029-04-01,0.39473766
2029-04-02,0.40144402
2029-04-03,0.4087235
2029-04-04,0.41217646
2029-04-05,0.4098749
2029-04-06,0.4144611
2029-04-07,0.42382446
2029-04-08,0.43675464
2029-04-09,0.44952285
2029-04-10,0.45648018
2029-04-11,0.4621746
2029-04-12,0.47104117
2029-04-13,0.48387435
2029-04-14,0.48986137
2029-04-15,0.4944667
2029-04-16,0.5009687
2029-04-17,0.5095461
2029-04-18,0.5185977
2029-04-19,0.5298997
2029-04-20,0.52645344
2029-04-21,0.5113845
2029-04-22,0.4967343
2029-04-23,0.48274255
2029-04-24,0.4727275
